Site Name,SITE ID,Region,District,Site Status (Grid/Prime),Escom,Tank Size,Opening Litres,Litres Dispensed,Closing Litres,Usage in Litres,Opening Hours,Closing Hours,Hours Run, Average Usage Per Hour ,Opening Readings,Units Bought,Closing Readings,Power Usage,,,,
Area 21,TN20093 ,Lilongwe,Lilongwe,Grid,Prepaid,600,508,0,508,0,252,252,0,#DIV/0!,0,0,0,0,,Area 21,,
Area 23 ,TN20024 ,Lilongwe,Lilongwe,Grid,Postpaid,500,364,0,363,1,12633,12634,1, 1.0 ,0,0,0,0,,Area 23 ,,
Area 23 Extension,TN20028 ,Lilongwe,Lilongwe,Grid,Prepaid,1000,641,400,165,876,5037,5332,295, 3.0 ,0,0,0,0,,Area 23 Extension,,
Biwi Township,TN20084 ,Lilongwe,Lilongwe,Grid,Prepaid,1000,740,0,480,260,2524,2618,94, 2.8 ,0,0,0,0,,Biwi Township,,
Mbwatalika,TN23089 ,Lilongwe,Lilongwe,Grid,Prepaid,600,279,0,279,0,18731,18731,0,#DIV/0!,0,0,0,0,,Mbwatalika,,
Chinsapo T/C,TN20098 ,Lilongwe,Lilongwe,Grid,Prepaid,600,738,0,558,180,3379,3450,71, 2.5 ,0,0,0,0,,Chinsapo T/C,,
Chisoso,TN24021 ,Lilongwe,Lilongwe,Grid,Postpaid,1000,690,300,690,300,2638,2747,109, 2.8 ,0,0,0,0,,Chisoso,,
Chitipi,TN20102 ,Lilongwe,Lilongwe,Grid,Prepaid,600,472,1213,490,1195,13437,14034,597, 2.0 ,0,0,0,0,,Chitipi,,
Gologota,TN20026 ,Lilongwe,Lilongwe,Grid,Prepaid,600,395,0,395,0,1476,1533,57, -   ,0,0,0,0,,Gologota,,
Kabudula,TN20109 ,Lilongwe,Lilongwe,Grid,Prepaid,1000,750,0,685,65,19879,19904,25, 2.6 ,0,0,0,0,,Kabudula,,
Kamuzu Barracks,TN20113 ,Lilongwe,Lilongwe,Grid,Prepaid,600,736,0,735,1,2312,2314,2, 0.5 ,0,0,0,0,,Kamuzu Barracks,,
Kawale,TN20123 ,Lilongwe,Lilongwe,Grid,Prepaid,500,350,355,500,205,3761,3913,152, 1.3 ,0,0,0,0,,Kawale,,
Likuni MTL,TN20128 ,Lilongwe,Lilongwe,Grid,Prepaid,100,300,300,150,450,29582,29681,99, 4.5 ,0,0,0,0,,Likuni MTL,,
Chakhaza,TN24018 ,Lilongwe,Lilongwe,Grid,Prepaid,1000,690,536,950,276,3323,3448,125, 2.2 ,0,0,0,0,,Chakhaza,,
Area 23 Midlands,TN20029 ,Lilongwe,Lilongwe,Grid,Prepaid,600,412,900,600,712,22725,22968,243, 2.9 ,0,0,0,0,,Area 23 Midlands,,
Mphepo,TN25030 ,Lilongwe,Kasungu,Grid,Prepaid,1000,1000,0,1000,0,2428,2428,0,#DIV/0!,0,0,0,0,,Mphepo,,
Njewa,TN20158 ,Lilongwe,Lilongwe,Grid,Prepaid,600,300,300,300,300,7415,7415,0,#DIV/0!,0,0,0,0,,Njewa,,
NRC,TN20162 ,Lilongwe,Lilongwe,Grid,Prepaid,1000,800,0,600,200,7368,7437,69, 2.9 ,0,0,0,0,,NRC,,
Nsalu,TN23164 ,Lilongwe,Lilongwe,Grid,Prepaid,1000,620,500,555,565,13445,13705,260, 2.2 ,0,0,0,0,,Nsalu,,
Nsundwe,TN23165 ,Lilongwe,Lilongwe,Grid,Prepaid,500,420,50,70,400,17793,17813,20, 20.0 ,0,0,0,0,,Nsundwe,,
Sports Complex,TN20134 ,Lilongwe,Lilongwe,Grid,Prepaid,60,60,0,60,0,66,66,0,#DIV/0!,0,0,0,0,,Sports Complex,,
State Residences,TN20115 ,Lilongwe,Lilongwe,Grid,Prepaid,600,591,0,591,0,14470,14470,0,#DIV/0!,0,0,0,0,,State Residences,,
ARET,TN20082 ,Lilongwe,Lilongwe,Grid,Prepaid,100,100,54,100,54,30338,30355,17, 3.2 ,0,0,0,0,,ARET,,
AOG,TN20005 ,Lilongwe,Lilongwe,Grid,Prepaid,100,100,177,100,177,3536,3603,67, 2.6 ,0,0,0,0,,AOG,,
LL Office,TN20132 ,Lilongwe,Lilongwe,Grid,Prepaid,200,200,85,200,85,5548,5575,27, 3.1 ,0,0,0,0,,LL Office,,
Technical centre 1,LLDC001,Lilongwe,Lilongwe,Grid,Prepaid,1000,1000,0,720,280,656,663,7, 40.0 ,0,0,0,0,,Technical centre 1,,
Technical centre 2 ,LLDC002,Lilongwe,Lilongwe,Grid,Prepaid,500,340,0,170,170,1938,1944,6, 28.3 ,0,0,0,0,,Technical centre 2 ,,
Area 25 Nsungwi,TN20166 ,Lilongwe,Lilongwe,Grid,Prepaid,600,414,0,384,30,532,562,30, 1.0 ,0,0,0,0,,Area 25 Nsungwi,,
Mgona,TN20155 ,Lilongwe,Lilongwe,Off Grid,Prepaid,600,551,300,310,541,13006,13226,220, 2.5 ,0,0,0,0,,Mgona,,
Area 49 Dubai,TN20072 ,Lilongwe,Lilongwe,Grid,Prepaid,1000,450,0,300,150,7883,7943,60, 2.5 ,0,0,0,0,,Area 49 Dubai,,
Dzenza,TN20105 ,Lilongwe,Lilongwe,Grid,Prepaid,500,422,0,350,72,14194,14224,30, 2.4 ,0,0,0,0,,Dzenza,,
Area 48,TN20069 ,Lilongwe,Lilongwe,Grid,Prepaid,600,400,0,300,100,16388,16440,52, 1.9 ,0,0,0,0,,Area 48,,
AREA 4,TN20059 ,Lilongwe,Lilongwe,Grid,Prepaid,600,730,0,400,330,2796,2927,131, 2.5 ,0,0,0,0,,AREA 4,,
Mtandile,TN20150 ,Lilongwe,Lilongwe,Grid,Prepaid,600,600,0,300,300,27139,27485,346, 0.9 ,0,0,0,0,,Mtandile,,
Area 43 Extension,TN20063 ,Lilongwe,Lilongwe,Grid,Prepaid,600,430,0,388,42,2803,2820,17, 2.5 ,0,0,0,0,,Area 43 Extension,,
Chiwamba,TN23103 ,Lilongwe,Lilongwe,Grid,Prepaid,600,335,0,300,35,11058,11072,14, 2.5 ,0,0,0,0,,Chiwamba,,
Area 43 Africa House,TN20061 ,Lilongwe,Lilongwe,Grid,Prepaid,600,492,150,417,225,16007,16097,90, 2.5 ,0,0,0,0,,Area 43 Africa House,,
Lisandwa,TN25031 ,Lilongwe,Kasungu,Grid,Prepaid,1000,750,550,1000,300,1973,2075,102, 2.9 ,0,0,0,0,,Lisandwa,,
Area 30 Railways,TN20049 ,Lilongwe,Lilongwe,Grid,Prepaid,1000,600,0,498,102,2532,2567,35, 2.9 ,0,0,0,0,,Area 30 Railways,,
Area 25 C,TN20041 ,Lilongwe,Lilongwe,Grid,Prepaid,1000,450,200,350,300,16358,16481,123, 2.4 ,0,0,0,0,,Area 25 C,,
Kanengo Proper,TN20118 ,Lilongwe,Lilongwe,Grid,Prepaid,600,500,0,400,100,3825,3825,0,#DIV/0!,0,0,0,0,,Kanengo Proper,,
Silos,TN20169 ,Lilongwe,Lilongwe,Grid,Prepaid,60,30,35,60,5,932,937,5, 1.0 ,0,0,0,0,,Silos,,
KIA,TNMShop,Lilongwe,Lilongwe,Grid,Prepaid,500,208,700,500,408,8698,8934,236, 1.7 ,0,0,0,0,,KIA,,
Kanengo MBC,TN20119 ,Lilongwe,Lilongwe,Grid,Prepaid,500,288,0,276,12,3859,3871,12, 1.0 ,0,0,0,0,,Kanengo MBC,,
Nambuma,TN24016 ,Lilongwe,Lilongwe,Grid,Prepaid,1000,970,0,965,5,22726,22738,12, 0.4 ,0,0,0,0,,Nambuma,,
Dangalilo,TN24002 ,Lilongwe,Dowa,Grid,Prepaid,600,560,0,530,30,18483,18500,17, 1.8 ,0,0,0,0,,Dangalilo,,
Lumbadzi,TN20138 ,Lilongwe,Lilongwe,Grid,Prepaid,500,390,400,430,360,1086,1266,180, 2.0 ,0,0,0,0,,Lumbadzi,,
Area 50,TN20080 ,Lilongwe,Lilongwe,Grid,Prepaid,600,578,0,393,185,4323,4384,61, 3.0 ,0,0,0,0,,Area 50,,
Kayembe,TN24007 ,Lilongwe,Dowa,Grid,Prepaid,600,480,0,465,15,16574,16581,7, 2.1 ,0,0,0,0,,Kayembe,,
Airport Road,TN20003 ,Lilongwe,Lilongwe,Off Grid,Prepaid,600,300,0,278,22,24027,24036,9, 2.4 ,0,0,0,0,,Airport Road,,
Area 49 Gulliver stadium,TN20073 ,Lilongwe,Lilongwe,Grid,Prepaid,1000,620,0,500,120,4609,4645,36, 3.3 ,0,0,0,0,,Area 49 Gulliver stadium,,
Area 43 TBS,TNMShop,Lilongwe,Lilongwe,Grid,Prepaid,500,451,0,422,29,12304,12312,8, 3.6 ,0,0,0,0,,Area 43 TBS,,
Chiwuzira,TN20215 ,Lilongwe,Lilongwe,Grid,Prepaid,1000,370,1000,620,750,2133,2429,296, 2.5 ,0,0,0,0,,Chiwuzira,,
Capital Hill,TN20090 ,Lilongwe,Lilongwe,Grid,Prepaid,600,429,0,424,5,1275,1276,1, 5.0 ,0,0,0,0,,Capital Hill,,
Area 11,TN20010 ,Lilongwe,Lilongwe,Grid,Prepaid,600,100,200,275,25,6696,6696,0,#DIV/0!,0,0,0,0,,Area 11,,
Area 12 Villa,TN20013 ,Lilongwe,Lilongwe,Grid,Prepaid,100,100,194,100,194,7631,7713,82, 2.4 ,0,0,0,0,,Area 12 Villa,,
Area 12 PTC,TN20008 ,Lilongwe,Lilongwe,Grid,Prepaid,500,426,283,475,234,4122,4213,91, 2.6 ,0,0,0,0,,Area 12 PTC,,
Area 12 Zikomo,TN20014 ,Lilongwe,Lilongwe,Grid,Prepaid,600,360,0,325,35,13257,13280,23, 1.5 ,0,0,0,0,,Area 12 Zikomo,,
Area 18 B,TN20018 ,Lilongwe,Lilongwe,Grid,Prepaid,1000,750,0,300,450,6224,6425,201, 2.2 ,0,0,0,0,,Area 18 B,,
Area 18 Senti,TN20168 ,Lilongwe,Lilongwe,Grid,Prepaid,1000,370,535,440,465,4724,4938,214, 2.2 ,0,0,0,0,,Area 18 Senti,,
Bunda Proper,TN23086 ,Lilongwe,Lilongwe,Grid,Prepaid,600,420,450,500,370,7852,8037,185, 2.0 ,0,0,0,0,,Bunda Proper,,
Nathenje,TN22014 ,Lilongwe,Lilongwe,Grid,Prepaid,600,560,0,490,70,9887,9931,44, 1.6 ,0,0,0,0,,Nathenje,,
Kamphata,TN23112 ,Lilongwe,Lilongwe,Grid,Prepaid,500,500,200,300,400,18554,18661,107, 3.7 ,0,0,0,0,,Kamphata,,
Lobi,TN22010 ,Lilongwe,Dedza,Grid,Prepaid,600,461,0,451,10,16653,16663,10, 1.0 ,0,0,0,0,,Lobi,,
Malirana,TN22011 ,Lilongwe,Dedza,Grid,Prepaid,600,546,0,528,18,3142,3152,10, 1.8 ,0,0,0,0,,Malirana,,
Dedza Peak,TN22003 ,Lilongwe,Dedza,Grid,Prepaid,600,600,0,600,0,1152,1152,0,#DIV/0!,0,0,0,0,,Dedza Peak,,
Area 24,TN20033 ,Lilongwe,Lilongwe,Grid,Prepaid,600,410,0,310,100,21081,21159,78, 1.3 ,0,0,0,0,,Area 24,,
Area 24 Market,TN20032 ,Lilongwe,Lilongwe,Grid,Prepaid,1000,380,200,440,140,3274,3332,58, 2.4 ,0,0,0,0,,Area 24 Market,,
Mpamantha,TN26016 ,Lilongwe,Nkhotakota,Grid,Prepaid,1000,529,500,370,659,1484,1603,119, 5.5 ,0,0,0,0,,Mpamantha,,
Area 36 TC,TN20055 ,Lilongwe,Lilongwe,Grid,Prepaid,1000,298,1300,640,958,8012,8375,363, 2.6 ,0,0,0,0,,Area 36 TC,,
Area 38,TN20057 ,Lilongwe,Lilongwe,Grid,Prepaid,600,470,200,500,170,7877,7945,68, 2.5 ,0,0,0,0,,Area 38,,0
Area 36 Katantha,TN20052 ,Lilongwe,Lilongwe,Grid,Prepaid,600,335,0,300,35,16243,16277,34, 1.0 ,0,0,0,0,,Area 36 Katantha,,0
Bunda T/O,TN20087 ,Lilongwe,Lilongwe,Grid,Prepaid,600,415,0,415,0,9459,9459,0,#DIV/0!,0,0,0,0,,Bunda T/O,,0
Bus Depot,TN20130 ,Lilongwe,Lilongwe,Grid,Prepaid,1000,990,0,920,70,2029,2064,35, 2.0 ,0,0,0,0,,Bus Depot,,0
Bwalo lanjovu,TN20088 ,Lilongwe,Lilongwe,Grid,Prepaid,1000,318,0,236,82,10494,10536,42, 2.0 ,0,0,0,0,,Bwalo lanjovu,,0
Old Town,TN20133 ,Lilongwe,Lilongwe,Grid,Prepaid,500,120,250,120,250,5613,5738,125, 2.0 ,0,0,0,0,,Old Town,,0
Kabwazi,TN22006 ,Lilongwe,Dedza,Grid,Prepaid,600,600,0,432,168,14191,14251,60, 2.8 ,0,0,0,0,,Kabwazi,,0
Area 3 Proper,TN20043 ,Lilongwe,Lilongwe,Grid,Prepaid,100,100,0,100,0,6998,6998,0,#DIV/0!,0,0,0,0,,Area 3 Proper,,0
Area 3 bwaila,TN20044 ,Lilongwe,Lilongwe,Grid,Prepaid,600,515,0,515,0,8641,8642,1, -   ,0,0,0,0,,Area 3 bwaila,,0
Area 3 Police,TN20046 ,Lilongwe,Lilongwe,Grid,Prepaid,600,570,300,300,570,6832,6921,89, 6.4 ,0,0,0,0,,Area 3 Police,,0
MTSILIZA,TN20151 ,Lilongwe,Lilongwe,Grid,Prepaid,1000,1000,300,510,790,5665,6061,396, 2.0 ,0,0,0,0,,MTSILIZA,,0
Area 47 ABC,TN20065 ,Lilongwe,Lilongwe,Grid,Prepaid,600,600,0,460,140,14437,14490,53, 2.6 ,0,0,0,0,,Area 47 ABC,,
Area 47 Bwandilo,TN20066 ,Lilongwe,Lilongwe,Grid,Prepaid,1000,790,0,620,170,3121,3213,92, 1.8 ,0,0,0,0,,Area 47 Bwandilo,,
Area 9,TN20081 ,Lilongwe,Lilongwe,Grid,Prepaid,1000,830,0,770,60,10656,10675,19, 3.2 ,0,0,0,0,,Area 9,,
Game shop/Site,TNMShop,Lilongwe,Lilongwe,Grid,Prepaid,200,170,0,165,5,1524,1525,1, 5.0 ,0,0,0,0,,Game shop/Site,,
Kaphatenga,TN27007 ,Lilongwe,Lilongwe,Grid,Prepaid,1000,876,0,774,102,10058,10099,41, 2.5 ,0,0,0,0,,Kaphatenga,,
Khombedza,TN27009 ,Lilongwe,Salima,Grid,Prepaid,600,400,575,600,375,751,873,122, 3.1 ,0,0,0,0,,Khombedza,,
Kapiri,TN26022 ,Lilongwe,Lilongwe,Grid,Prepaid,600,400,137,510,27,8551,8566,15, 1.8 ,0,0,0,0,,Kapiri,,
Sani,TN26012 ,Lilongwe,Nkhotakota,Off Grid,Prepaid,600,600,788,600,788,13264,13576,312, 2.5 ,0,0,0,0,,Sani,,
Nkhota- kota,TN26010 ,Lilongwe,Nkhotakota,Grid,Prepaid,1000,970,0,820,150,3266,3333,67, 2.2 ,0,0,0,0,,Nkhota- kota,,
Airwing,TN20210 ,Lilongwe,Lilongwe,Grid,Prepaid,600,320,900,720,500,7734,7985,251, 2.0 ,0,0,0,0,,Airwing,,
Benga,TN26015 ,Lilongwe,Salima,Off Grid,Prepaid,600,500,0,462,38,17220,17275,55, 0.7 ,0,0,0,0,,Benga,,
Salima MTL,TN27018 ,Lilongwe,Salima,Grid,Prepaid,600,290,0,290,0,1174,1174,0,#DIV/0!,0,0,0,0,,Salima MTL,,
Area 12 Proper,TN20214 ,Lilongwe,Lilongwe,Grid,Prepaid,1000,20,0,20,0,371,371,0,#DIV/0!,0,0,0,0,,Area 12 Proper,,
Livingstonia beach,TN27012 ,Lilongwe,Salima,Grid,Prepaid,500,300,0,250,50,17332,17377,45, 1.1 ,0,0,0,0,,Livingstonia beach,,
Lifidzi,TN27010 ,Lilongwe,Salima,Grid,Prepaid,1000,830,0,370,460,3304,3515,211, 2.2 ,0,0,0,0,,Lifidzi,,
Bisai,TN22020 ,Lilongwe,Dedza,Grid,Prepaid,1000,680,364,744,300,2604,2695,91, 3.3 ,0,0,0,0,,Bisai,,
Ngodzi,TN27016 ,Lilongwe,Salima,Grid,Prepaid,1000,630,0,300,330,12515,12639,124, 2.7 ,0,0,0,0,,Ngodzi,,
Mua,TN27014 ,Lilongwe,Dedza,Grid,Prepaid,600,600,1015,600,1015,22287,22644,357, 2.8 ,0,0,0,0,,Mua,,
Mtakataka,TN27013 ,Lilongwe,Dedza,Grid,Prepaid,600,430,413,570,273,15519,15651,132, 2.1 ,0,0,0,0,,Mtakataka,,
Chankhungu,TN25003 ,Lilongwe,Lilongwe,Grid,Prepaid,600,357,0,345,12,16328,16332,4, 3.0 ,0,0,0,0,,Chankhungu,,
Mvera Proper,TN24014 ,Lilongwe,Salima,Grid,Prepaid,500,335,0,300,35,8273,8311,38, 0.9 ,0,0,0,0,,Mvera Proper,,
Mabulabo,TN25018 ,Lilongwe,Mzimba,Off Grid,Prepaid,800,650,0,650,0,35634,35635,1, -   ,0,0,0,0,,Mabulabo,,
Nkhamenya,TN25021 ,Lilongwe,Kasungu,Grid,Prepaid,500,355,0,325,30,4829,4840,11, 2.7 ,0,0,0,0,,Nkhamenya,,
Chatoloma,TN25004 ,Lilongwe,Kasungu,Grid,Prepaid,1000,830,0,800,30,1070,1080,10, 3.0 ,0,0,0,0,,Chatoloma,,
East African Plantation,TN25028 ,Lilongwe,Kasungu,Grid,Prepaid,225,200,0,200,0,3282,3282,0,#DIV/0!,0,0,0,0,,East African Plantation,,
Malandi Hill,TN24022 ,Lilongwe,Dowa,Grid,Prepaid,1000,1000,400,830,570,1867,2099,232, 2.5 ,0,0,0,0,,Malandi Hill,,
Chayamba,TN25011 ,Lilongwe,Kasungu,Grid,Prepaid,1000,660,1430,1000,1090,133,326,193, 5.6 ,0,0,0,0,,Chayamba,,
Linyangwa,TN25017 ,Lilongwe,Kasungu,Prime,Prepaid,1000,890,0,620,270,3080,3211,131, 2.1 ,0,0,0,0,,Linyangwa,,
Chioko,TN24019 ,Lilongwe,Lilongwe,Grid,Prepaid,1000,1000,500,790,710,2303,2656,353, 2.0 ,0,0,0,0,,Chioko,,
Chamama,TN25002 ,Lilongwe,Kasungu,Grid,Prepaid,500,500,0,430,70,16981,17010,29, 2.4 ,0,0,0,0,,Chamama,,
Nkhakomisesa,TN25020 ,Lilongwe,Kasungu,Grid,Prepaid,600,540,0,500,40,15918,15939,21, 1.9 ,0,0,0,0,,Nkhakomisesa,,
Madisi,TN24009 ,Lilongwe,Dowa,Grid,Prepaid,500,400,0,400,0,15748,15764,16, -   ,0,0,0,0,,Madisi,,
Mchinji Town,TN28007 ,Lilongwe,Mchinji,Grid,Prepaid,1000,860,0,840,20,1651,1659,8, 2.5 ,0,0,0,0,,Mchinji Town,,
Mwimba,TN25019 ,Lilongwe,Kasungu,Grid,Prepaid,500,410,0,360,50,26537,26567,30, 1.7 ,0,0,0,0,,Mwimba,,
Santhe,TN25023 ,Lilongwe,Mchinji,Grid,Prepaid,500,400,0,330,70,15758,15793,35, 2.0 ,0,0,0,0,,Santhe,,
Kapirinthema,TN25010 ,Lilongwe,Kasungu,Grid,Prepaid,500,500,0,435,65,19176,19208,32, 2.0 ,0,0,0,0,,Kapirinthema,,
Nkanda,TN28009 ,Lilongwe,Mchinji,Grid,Prepaid,500,680,600,740,540,2162,2406,244, 2.2 ,0,0,0,0,,Nkanda,,
Kamwendo,TN28004 ,Lilongwe,Mchinji,Grid,Prepaid,1000,642,0,472,170,5067,5152,85, 2.0 ,0,0,0,0,,Kamwendo,,
Mchinji,TN28006 ,Lilongwe,Mchinji,Grid,Prepaid,600,600,208,600,208,18164,18256,92, 2.3 ,0,0,0,0,,Mchinji,,
Mwami,TN28010 ,Lilongwe,Mchinji,Grid,Prepaid,600,600,0,560,40,12544,12563,19, 2.1 ,0,0,0,0,,Mwami,,
Mikundi,TN28008 ,Lilongwe,Mchinji,Grid,Prepaid,500,400,0,335,65,13105,13131,26, 2.5 ,0,0,0,0,,Mikundi,,
Mpanda,TN24011 ,Lilongwe,Dowa,Grid,Prepaid,1000,630,0,540,90,4990,5037,47, 1.9 ,0,0,0,0,,Mpanda,,
Kasungu Shop,TNMShop,Lilongwe,Kasungu,Grid,Prepaid,100,100,36,100,36,10369,10392,23, 1.6 ,0,0,0,0,,Kasungu Shop,,
Kanjuchi,TN15038 ,Lilongwe,Kasungu,Grid,Prepaid,1000,500,800,1000,300,2456,2545,89, 3.4 ,0,0,0,0,,Kanjuchi,,
Salima Hospital,TN27020 ,Lilongwe,Salima,Grid,Prepaid,1000,666,0,666,0,8017,8017,0,#DIV/0!,0,0,0,0,,Salima Hospital,,
Salima Depot,TN27019 ,Lilongwe,Salima,Grid,Prepaid,600,440,0,440,0,12951,12951,0,#DIV/0!,0,0,0,0,,Salima Depot,,
Lifuwu,TN27011 ,Lilongwe,Salima,Prime,Prepaid,800,658,0,658,0,23573,23573,0,#DIV/0!,0,0,0,0,,Lifuwu,,
Silversand,TN27023 ,Lilongwe,Salima,Grid,Prepaid,600,511,0,468,43,13791,13827,36, 1.2 ,0,0,0,0,,Silversand,,
Kambiri,TN27005 ,Lilongwe,Salima,Grid,Prepaid,500,300,0,295,5,18631,18644,13, 0.4 ,0,0,0,0,,Kambiri,,
Flea Market,TN20107 ,Lilongwe,Lilongwe,Grid,Prepaid,600,0,0,-,#VALUE!,3952,3952,0,#VALUE!,0,0,0,0,,Flea Market,,
Salima Shop,TNMShop,Lilongwe,Salima,Grid,Prepaid,120,140,87,140,87,5734,5777,43, 2.0 ,0,0,0,0,,Salima Shop,,
Kauma,TN20122 ,Lilongwe,Lilongwe,Grid,Prepaid,600,414,0,262,152,6400,6438,38, 4.0 ,0,0,0,0,,Kauma,,
Area 6,TN20206 ,Lilongwe,Lilongwe,Grid,Prepaid,1000,460,850,630,680,5386,5629,243, 2.8 ,0,0,0,0,,Area 6,,
Maliri,TN23085 ,Lilongwe,Lilongwe,Grid,Prepaid,100,350,500,420,430,2125,2320,195, 2.2 ,0,0,0,0,,Maliri,,
Chisepo,TN24020 ,Lilongwe,Lilongwe,Grid,Prepaid,1000,1000,500,620,880,1963,2310,347, 2.5 ,0,0,0,0,,Chisepo,,
Malangalanga SHOP,TN20140 ,Lilongwe,Lilongwe,Grid,Prepaid,35,22,0,22,0,803,803,0,#DIV/0!,0,0,0,0,,Malangalanga SHOP,,
M'buka,TN20054 ,Lilongwe,Lilongwe,Grid,Prepaid,600,600,0,595,5,650,652,2, 2.5 ,0,0,0,0,,M'buka,,
Area 49 Mvama,TN20075 ,Lilongwe,Lilongwe,Grid,Prepaid,600,500,0,400,100,16596,16653,57, 1.8 ,0,0,0,0,,Area 49 Mvama,,
Chilinde Parish,TN20094 ,Lilongwe,Lilongwe,Grid,Prepaid,1000,485,250,500,235,7571,7658,87, 2.7 ,0,0,0,0,,Chilinde Parish,,
Chimutu,TN20099 ,Lilongwe,Lilongwe,Grid,Prepaid,1000,500,600,500,600,3897,4135,238, 2.5 ,0,0,0,0,,Chimutu,,
MCP/UNICEF,TN20136 ,Lilongwe,Lilongwe,Grid,Prepaid,600,550,0,530,20,20137,20137,0,#DIV/0!,0,0,0,0,,MCP/UNICEF,,
Maluwa,TN23202 ,Lilongwe,Lilongwe,Grid,Prepaid,1000,380,436,506,310,1683,1775,92, 3.4 ,0,0,0,0,,Maluwa,,
Chawantha,TN28011 ,Lilongwe,Lilongwe,Grid,Prepaid,1000,600,0,600,0,2764,2764,0,#DIV/0!,0,0,0,0,,Chawantha,,
Kakoma estate,TN23201 ,Lilongwe,Lilongwe,Grid,Prepaid,1000,690,0,690,0,3957,3957,0,#DIV/0!,0,0,0,0,,Kakoma estate,,
Nthumbidwa,TN17006 ,Lilongwe,Lilongwe,Grid,Prepaid,1000,0,0,-,#VALUE!,1718,1718,0,#VALUE!,0,0,0,0,,Nthumbidwa,,
TECHNICAL  NEW Dg,LLDC003,Lilongwe,Lilongwe,Grid,Prepaid,1000,1000,0,1000,0,648,648,0,#DIV/0!,0,0,0,0,,TECHNICAL  NEW Dg,,
Kabungwe,TN23204 ,Lilongwe,Mchinji,Grid,Prepaid,1000,1000,672,1000,672,2222,2424,202, 3.3 ,0,0,0,0,,Kabungwe,,
Chilinde Mosque,TN20212 ,Lilongwe,Lilongwe,Grid,Prepaid,600,550,0,350,200,411,411,0,#DIV/0!,0,0,0,0,,Chilinde Mosque,,
Katete BYPASS,TN20051 ,Lilongwe,Lilongwe,Grid,Prepaid,1000,223,800,600,423,10560,10694,134, 3.2 ,0,0,0,0,,Katete BYPASS,,
Area 25 A,TN20039 ,Lilongwe,Lilongwe,Grid,Prepaid,1000,561,0,48,513,9743,9777,34, 15.1 ,0,0,0,0,,Area 25 A,,
LINTHIPE 3,TN22009 ,Lilongwe,Dedza,Grid,Prepaid,1000,550,950,1000,500,8688,8835,147, 3.4 ,0,0,0,0,,LINTHIPE 3,,
Area 49 New Shire,TN20076 ,Lilongwe,Lilongwe,Grid,Prepaid,1000,645,0,645,0,12303,12303,0,#DIV/0!,0,0,0,0,,Area 49 New Shire,,
Chisinga,TN23099 ,Lilongwe,Kasungu,Grid,Prepaid,1000,440,970,1000,410,8463,8530,67, 6.1 ,0,0,0,0,,Chisinga,,
NEW GULLIVER,TN20174 ,Lilongwe,Lilongwe,Grid,Prepaid,600,519,0,486,33,14187,14223,36, 0.9 ,0,0,0,0,,NEW GULLIVER,,
LUMBADZI RESIDENTIAL,TN20211 ,Lilongwe,Lilongwe,Grid,Prepaid,1000,430,200,400,230,3101,3176,75, 3.1 ,0,0,0,0,,LUMBADZI RESIDENTIAL,,
MALEMBO,TN23135 ,Lilongwe,Lilongwe,Grid,Prepaid,1000,750,0,750,0,4321,4321,0,#DIV/0!,0,0,0,0,,MALEMBO,,
WAKAWAKA,TN20056 ,Lilongwe,Lilongwe,Grid,Prepaid,1000,540,0,480,60,6812,6842,30, 2.0 ,0,0,0,0,,WAKAWAKA,,
KAFUMU,TN27004 ,Lilongwe,Salima,Grid,Prepaid,1000,500,500,670,330,4052,4165,113, 2.9 ,0,0,0,0,,KAFUMU,,
NKHOTA-KOTA NEW,TN26011 ,Lilongwe,Nkhotakota,Grid,Prepaid,600,600,40,600,40,16464,16479,15, 2.7 ,0,0,0,0,,NKHOTA-KOTA NEW,,
KASUNTHA,TN24006 ,Lilongwe,Dowa,Grid,Prepaid,1000,118,245,118,245,4877,5106,229, 1.1 ,0,0,0,0,,KASUNTHA,,
SALIMA SUGAR,TN27021 ,Lilongwe,Salima,Grid,Prepaid,500,430,0,425,5,32954,32956,2, 2.5 ,0,0,0,0,,SALIMA SUGAR,,
GUEST HOUSE AREA 10,TNMLLRes,Lilongwe,Lilongwe,Grid,Prepaid,60,73,0,73,0,682,682,0,#DIV/0!,0,0,0,0,,GUEST HOUSE AREA 10,,
AREA 47 MTL,TN20064 ,Lilongwe,Lilongwe,Grid,Prepaid,500,500,0,480,20,9707,9720,13, 1.5 ,0,0,0,0,,AREA 47 MTL,,
BWEMBA,TN20096 ,Lilongwe,Lilongwe,Grid,Prepaid,1000,690,500,620,570,6921,7160,239, 2.4 ,0,0,0,0,,BWEMBA,,
AREA 49 BARGDAD,TN20071 ,Lilongwe,Lilongwe,Grid,Prepaid,1000,430,700,200,930,2097,2353,256, 3.6 ,0,0,0,0,,AREA 49 BARGDAD,,
AREA10 USAID,TN20009 ,Lilongwe,Lilongwe,Grid,Prepaid,1000,770,0,756,14,5508,5516,8, 1.8 ,0,0,0,0,,AREA10 USAID,,
AREA 25 KABWABWA,TN20035 ,Lilongwe,Lilongwe,Grid,Prepaid,1000,900,0,700,200,16144,16144,0,#DIV/0!,0,0,0,0,,AREA 25 KABWABWA,,
AREA 25 Zibwenze,TN20042 ,Lilongwe,Lilongwe,Grid,Prepaid,1000,425,0,425,0,7301,7335,34, -   ,0,0,0,0,,AREA 25 Zibwenze,,
AREA 36 LOWER,TN20053 ,Lilongwe,Lilongwe,Grid,Prepaid,600,475,0,420,55,24423,24484,61, 0.9 ,0,0,0,0,,AREA 36 LOWER,,
UPPER BIWI,TN20172 ,Lilongwe,Lilongwe,Grid,Prepaid,600,50,0,50,0,6778,6778,0,#DIV/0!,0,0,0,0,,UPPER BIWI,,
WHITE FALLS,TN20006 ,Lilongwe,Lilongwe,Grid,Prepaid,1000,600,0,600,0,14155,14156,1, -   ,0,0,0,0,,WHITE FALLS,,
AREA 13,TN20012 ,Lilongwe,Lilongwe,Grid,Prepaid,600,520,0,400,120,1528,1605,77, 1.6 ,0,0,0,0,,AREA 13,,
Dedza Township,TN22005 ,Lilongwe,Dedza,Grid,Prepaid,1000,540,0,540,0,5207,5207,0,#DIV/0!,0,0,0,0,,Dedza Township,,
Area 18 Round About,TN20017 ,Lilongwe,Lilongwe,Grid,Prepaid,1000,380,940,530,790,15433,15934,501, 1.6 ,0,0,0,0,,Area 18 Round About,,
Kasungu mapuloti,TN25014 ,Lilongwe,Kasungu,Grid,Prepaid,1000,1000,600,1000,600,5516,5724,208, 2.9 ,0,0,0,0,,Kasungu mapuloti,,
Mponela,TN24012 ,Lilongwe,Ntchisi,Grid,Prepaid,1000,480,772,1000,252,13686,13797,111, 2.3 ,0,0,0,0,,Mponela,,
AREA 38 EXT,TN20058 ,Lilongwe,Lilongwe,Grid,Prepaid,1000,730,500,650,580,10331,10585,254, 2.3 ,0,0,0,0,,AREA 38 EXT,,
AREA 22 A,TN20023 ,Lilongwe,Lilongwe,Grid,Prepaid,1000,400,0,400,0,15113,15127,14, -   ,0,0,0,0,,AREA 22 A,,
Nalikule,TN20152 ,Lilongwe,Lilongwe,Grid,Prepaid,1000,460,600,500,560,12043,12297,254, 2.2 ,0,0,0,0,,Nalikule,,
AREA 2,TN20020 ,Lilongwe,Lilongwe,Grid,Prepaid,600,460,0,415,45,20063,20081,18, 2.5 ,0,0,0,0,,AREA 2,,
AREA 47 sector 3,TN20067 ,Lilongwe,Lilongwe,Grid,Prepaid,1000,1000,400,500,900,13679,14303,624, 1.4 ,0,0,0,0,,AREA 47 sector 3,,
Kawale PTC,TN20192 ,Lilongwe,Lilongwe,Grid,Prepaid,1000,300,800,420,680,13570,13910,340, 2.0 ,0,0,0,0,,Kawale PTC,,
Salima MTL 2,TN27018 ,Lilongwe,Salima,Grid,Prepaid,2000,1377,1309,2000,686,1912,2053,141, 4.9 ,0,0,0,0,,Salima MTL 2,,
Dubai 2,TN20191 ,Lilongwe,Lilongwe,Grid,Prepaid,1000,400,500,540,360,14841,15018,177, 2.0 ,0,0,0,0,,Dubai 2,,
ADL House,TN20001 ,Lilongwe,Lilongwe,Grid,Prepaid,1000,310,0,310,0,3189,3189,0,#DIV/0!,0,0,0,0,,ADL House,,
AREA 43 UPPER,TN20062 ,Lilongwe,Lilongwe,Grid,Prepaid,1000,690,0,660,30,8371,8388,17, 1.8 ,0,0,0,0,,AREA 43 UPPER,,
MCHESI 2,TN20144 ,Lilongwe,Lilongwe,Grid,Prepaid,600,330,0,300,30,16648,16663,15, 2.0 ,0,0,0,0,,MCHESI 2,,
AREA 18 Chatuwa,TN20019 ,Lilongwe,Lilongwe,Grid,Prepaid,600,456,0,456,0,21415,21441,26, -   ,0,0,0,0,,AREA 18 Chatuwa,,
MOGASA,TN20148 ,Lilongwe,Lilongwe,Grid,Prepaid,600,586,0,586,0,24570,24651,81, -   ,0,0,0,0,,MOGASA,,
CHISEKA,TN23190 ,Lilongwe,Lilongwe,Grid,Prepaid,1000,590,700,350,940,9419,9797,378, 2.5 ,0,0,0,0,,CHISEKA,,
MAGOMERO,TN23178 ,Lilongwe,Lilongwe,Grid,Prepaid,1000,607,300,440,467,9125,9324,199, 2.3 ,0,0,0,0,,MAGOMERO,,
NDAULA,TN23205 ,Lilongwe,Lilongwe,Grid,Prepaid,1000,620,500,660,460,7183,7359,176, 2.6 ,0,0,0,0,,NDAULA,,
AREA 47 sector 2,TN20173 ,Lilongwe,Lilongwe,Grid,Prepaid,1000,570,0,525,45,3633,3759,126, 0.4 ,0,0,0,0,,AREA 47 sector 2,,
KAMELA,TN28014 ,Lilongwe,Mchinji,Grid,Prepaid,1000,1000,0,1000,0,4801,4801,0,#DIV/0!,0,0,0,0,,KAMELA,,
TANDANJE,TN17005 ,Lilongwe,Ntchisi,Grid,Prepaid,1000,700,500,660,540,8551,8794,243, 2.2 ,0,0,0,0,,TANDANJE,,
KAPELURA,TN25027 ,Lilongwe,Lilongwe,Grid,Prepaid,1000,1000,0,500,500,7859,8043,184, 2.7 ,0,0,0,0,,KAPELURA,,
LINDE MOTEL,TN24017 ,Lilongwe,Lilongwe,Grid,Prepaid,500,0,0,-,#VALUE!,25606,25606,0,#VALUE!,0,0,0,0,,LINDE MOTEL,,
LOZI,TN26008 ,Lilongwe,Nkhotakota,Grid,Prepaid,600,552,801,600,753,20216,20691,475, 1.6 ,0,0,0,0,,LOZI,,
AREA 47 SECTOR 4,TN20205 ,Lilongwe,Lilongwe,Grid,Prepaid,500,400,0,400,0,12700,12720,20, -   ,0,0,0,0,,AREA 47 SECTOR 4,,
Pondomali,TN23191 ,Lilongwe,Lilongwe,Grid,Prepaid,1000,440,492,92,840,4145,4300,155, 5.4 ,0,0,0,0,,Pondomali,,
Area 5 chilambula pagat,TN20079 ,Lilongwe,Lilongwe,Grid,Postpaid,600,3,40,20,23,870,317,-553,-0.0 ,0,0,0,0,,Area 5 chilambula pagat,,
Mlale Parish,TN23206 ,Lilongwe,Lilongwe,Grid,Prepaid,50,50,0,50,0,7894,7894,0,#DIV/0!,0,0,0,0,,Mlale Parish,,
Mchezi,TN20145 ,Lilongwe,Lilongwe,Grid,Prepaid,65,200,0,200,0,6488,6488,0,#DIV/0!,0,0,0,0,,Mchezi,,
Chitipi TC,TN20103 ,Lilongwe,Lilongwe,Grid,Prepaid,600,600,0,600,0,3475,3475,0,#DIV/0!,0,0,0,0,,Chitipi TC,,
Msakambewa,TN24008 ,Lilongwe,Lilongwe,Grid,Prepaid,500,500,0,500,0,16487,16487,0,#DIV/0!,0,0,0,0,,Msakambewa,,
Area 9 Guest House,TNMLLRes,Lilongwe,Lilongwe,Grid,Postpaid,1000,430,62,442,50,2026,2050,24, 2.1 ,0,0,0,0,,Area 9 Guest House,,
Ntchentche,TN20222 ,Lilongwe,Lilongwe,Grid,Prepaid,600,240,782,532,490,18929,19081,152, 3.2 ,0,0,0,0,,Ntchentche,,
Tambalale,TN20030 ,Lilongwe,Lilongwe,Grid,Prepaid,1000,420,836,600,656,32755,32950,195, 3.4 ,0,0,0,0,,Tambalale,,
Area 43 MTL,TN20060 ,Lilongwe,Lilongwe,Grid,Prepaid,1000,590,0,570,20,1935,1960,25, 0.8 ,0,0,0,0,,Area 43 MTL,,
Ex Area 24 DG,TN20032 ,Lilongwe,Lilongwe,Grid,Prepaid,100,100,0,100,0,100,100,0,#DIV/0!,0,0,0,0,,Ex Area 24 DG,,
Mobile Genset,TNMLLMOB01,Lilongwe,Lilongwe,Grid,Prepaid,200,65,0,65,0,2251,2251,0,#DIV/0!,0,0,0,0,,Mobile Genset,,
Dedza Deport,TN22021 ,Lilongwe,Dedza,Grid,Prepaid,1000,646,0,646,0,6739,6739,0,#DIV/0!,0,0,0,0,,Dedza Deport,,
Chikho Hotel,TN24025 ,Lilongwe,Kasungu,Grid,Prepaid,500,500,0,500,0,25846,25846,0,#DIV/0!,0,0,0,0,,Chikho Hotel,,
SIMBI,TN28002 ,Lilongwe,Mchinji,Grid,Prepaid,50,50,0,50,0,7105,7105,0,#DIV/0!,0,0,0,0,,SIMBI,,
Msundwe DG,TN23165 ,Lilongwe,Lilongwe,Grid,Prepaid,50,50,0,50,0,7396,7396,0,#DIV/0!,0,0,0,0,,Msundwe DG,,
Chilinde mobile,TN20093 ,Lilongwe,Lilongwe,Grid,Prepaid,12,12,0,12,0,1410,1410,0,#DIV/0!,0,0,0,0,,Chilinde mobile,,
Salima DG (Paratude),TN27028 ,Lilongwe,Salima,Grid,Postpaid,250,410,605,600,415,29966,30519,553, 0.8 ,0,0,0,0,,Salima DG (Paratude),,
Area 17 Genset,TNMLLOff,Lilongwe,Lilongwe,Grid,Postpaid,600,120,0,120,0,2292,2292,0,#DIV/0!,0,0,0,0,,Area 17 Genset,,
Chisapo Mobile,TN20095 ,Lilongwe,Lilongwe,Grid,Prepaid,200,200,0,200,0,200,200,0,#DIV/0!,0,0,0,0,,Chisapo Mobile,,
kanengo,TN20116 ,Lilongwe,Lilongwe,Grid,Postpaid,600,50,0,50,0,7956,7956,0,#DIV/0!,0,0,0,0,,kanengo,,
DZALEKA CAMP,,,,,,,200,1260,600,860,4072,4793,721, 1.2 ,0,0,0,0,,DZALEKA CAMP,,
Bwemba 2,,,,,,,230,810,250,790,5361,5940,579, 1.4 ,0,0,0,0,,Bwemba 2,,
