Sites Name,Region,District,Site Status,Escom,Tank Size,Opening Litres, Litres Dispensed , Closing Litres , Usage in Litres ,Opening Hours,Closing Hours,Hours Run,Average Usage Per Hour,Opening Readings,Units Bought,Closing Readings,Power Usage
Area 21,Lilongwe,Lilongwe,Grid,Prepaid,600,352,287,600,39,192,212,20,2, -   , -   , -   , -   
Area 23,Lilongwe,Lilongwe,Grid,Postpaid,500,300, -   ,300, -   ,12559,12559, -   ,#DIV/0!, -   , -   , -   , -   
Area 23 Extension,Lilongwe,Lilongwe,Grid,Prepaid,1000,200,500,690,10,4981,4985,4,2.5, -   , -   , -   , -   
Biwi Township,Lilongwe,Lilongwe,Grid,Prepaid,1000,620,187,784,23,2499,2507,8,2.9, -   , -   , -   , -   
Mbwatalika,Lilongwe,Lilongwe,Grid,Prepaid,600,319, -   ,300,19,18686,18713,27,0.7, -   , -   , -   , -   
Chinsapo T/C,Lilongwe,Lilongwe,Grid,Prepaid,600,500,538,988,50,3262,3282,20,2.5, -   , -   , -   , -   
Chisoso,Lilongwe,Lilongwe,Grid,Postpaid,1000,180,810,900,90,2178,2273,95,0.9, -   , -   , -   , -   
Chitipi,Lilongwe,Lilongwe,Grid,Prepaid,600,450, -   ,430,20,12742,12750,8,2.5, -   , -   , -   , -   
Gologota,Lilongwe,Lilongwe,Grid,Prepaid,600,300,276,500,76,1234,1274,40,1.9, -   , -   , -   , -   
Kabudula,Lilongwe,Lilongwe,Grid,Prepaid,1000,750,660,1000,410,19652,19779,127,3.2, -   , -   , -   , -   
Kamuzu Barracks,Lilongwe,Lilongwe,Grid,Prepaid,600,736, -   ,736, -   ,2309,2309, -   ,#DIV/0!, -   , -   , -   , -   
Kawale,Lilongwe,Lilongwe,Grid,Prepaid,500,500, -   ,483,17,3626,3631,5,3.4, -   , -   , -   , -   
Likuni MTL,Lilongwe,Lilongwe,Grid,Prepaid,100,400, -   ,400, -   ,29373,29373, -   ,#DIV/0!, -   , -   , -   , -   
Chakhaza,Lilongwe,Lilongwe,Grid,Prepaid,1000,560,720,1000,280,2657,2802,145,1.9, -   , -   , -   , -   
Area 23 Midlands,Lilongwe,Lilongwe,Grid,Prepaid,600,600,538,600,538,22196,22397,201,2.7, -   , -   , -   , -   
Mphepo,Lilongwe,Kasungu,Grid,Prepaid,1000,620,545,1000,165,2031,2104,73,2.3, -   , -   , -   , -   
Njewa,Lilongwe,Lilongwe,Grid,Prepaid,600,315,420,620,115,6932,6976,44,2.6, -   , -   , -   , -   
NRC,Lilongwe,Lilongwe,Grid,Prepaid,1000,750,580,930,400,7179,7297,118,3.4, -   , -   , -   , -   
Nsalu,Lilongwe,Lilongwe,Grid,Prepaid,1000,800,309,1000,109,12954,13016,62,1.8, -   , -   , -   , -   
Nsundwe,Lilongwe,Lilongwe,Grid,Prepaid,500,500, -   ,460,40,17588,17615,27,1.5, -   , -   , -   , -   
Sports Complex,Lilongwe,Lilongwe,Grid,Prepaid,60,60, -   ,40,20,3885,3885, -   ,#DIV/0!, -   , -   , -   , -   
State Residences,Lilongwe,Lilongwe,Grid,Prepaid,600,300, -   ,300, -   ,14468,14468, -   ,#DIV/0!, -   , -   , -   , -   
ARET,Lilongwe,Lilongwe,Grid,Prepaid,100,100,448,100,448,30109,30252,143,3.1, -   , -   , -   , -   
AOG,Lilongwe,Lilongwe,Grid,Prepaid,100,100,234,70,264,3335,3444,109,2.4, -   , -   , -   , -   
LL Office,Lilongwe,Lilongwe,Grid,Prepaid,200,80,224,174,130,5524,5540,16,8.1, -   , -   , -   , -   
Technical centre 1,Lilongwe,Lilongwe,Grid,Prepaid,1000,800,333,1000,133,634,648,14,9.5, -   , -   , -   , -   
Technical centre 2 ,Lilongwe,Lilongwe,Grid,Prepaid,500,420,777,400,797,1926,1936,10,79.7, -   , -   , -   , -   
Area 25 Nsungwi,Lilongwe,Lilongwe,Grid,Prepaid,600,300,219,500,19,508,517,9,2.1, -   , -   , -   , -   
Mgona,Lilongwe,Lilongwe,Off Grid,Prepaid,600,522, -   ,510,12,12974,12977,3,4, -   , -   , -   , -   
Area 49 Dubai,Lilongwe,Lilongwe,Grid,Prepaid,1000,580, -   ,250,330,7660,7733,73,4.5, -   , -   , -   , -   
Dzenza,Lilongwe,Lilongwe,Grid,Prepaid,500,150,384,500,34,14123,14131,8,4.3, -   , -   , -   , -   
Area 48,Lilongwe,Lilongwe,Grid,Prepaid,600,491,496,600,387,16145,16291,146,2.7, -   , -   , -   , -   
AREA 4,Lilongwe,Lilongwe,Grid,Prepaid,600,400,630,880,150,2689,2739,50,3, -   , -   , -   , -   
Mtandile,Lilongwe,Lilongwe,Grid,Prepaid,600,80, -   ,16,64,26555,26750,195,0.3, -   , -   , -   , -   
Area 43 Extension,Lilongwe,Lilongwe,Grid,Prepaid,600,580, -   ,460,120,2783,2789,6,20, -   , -   , -   , -   
Chiwamba,Lilongwe,Lilongwe,Grid,Prepaid,600,311,200,424,87,10995,11030,35,2.5, -   , -   , -   , -   
Area 43 Africa House,Lilongwe,Lilongwe,Grid,Prepaid,600,200,56,256, -   ,15933,15935,2,0, -   , -   , -   , -   
Lisandwa,Lilongwe,Kasungu,Grid,Prepaid,1000,845,630,780,695,1471,1658,187,3.7, -   , -   , -   , -   
Area 30 Railways,Lilongwe,Lilongwe,Grid,Prepaid,1000,353,118,218,253,2385,2511,126,2, -   , -   , -   , -   
Area 25 C,Lilongwe,Lilongwe,Grid,Prepaid,1000,560, -   ,560, -   ,4178,4178, -   ,#DIV/0!, -   , -   , -   , -   
Kanengo Proper,Lilongwe,Lilongwe,Grid,Prepaid,600,600, -   ,600, -   ,3785,3785, -   ,#DIV/0!, -   , -   , -   , -   
Silos,Lilongwe,Lilongwe,Grid,Prepaid,60,60,40,60,40,857,886,29,1.4, -   , -   , -   , -   
KIA,Lilongwe,Lilongwe,Grid,Prepaid,500,100, -   ,100, -   ,8684,8684, -   ,#DIV/0!, -   , -   , -   , -   
Kanengo MBC,Lilongwe,Lilongwe,Grid,Prepaid,500,340, -   ,230,110,3738,3834,96,1.1, -   , -   , -   , -   
Nambuma,Lilongwe,Lilongwe,Grid,Prepaid,1000,500, -   ,450,50,22678,22707,29,1.7, -   , -   , -   , -   
Dangalilo,Lilongwe,Dowa,Grid,Prepaid,600,600,200,600,200,18343,18463,120,1.7, -   , -   , -   , -   
Lumbadzi,Lilongwe,Lilongwe,Grid,Prepaid,500,390, -   ,390, -   ,1089,1089, -   ,#DIV/0!, -   , -   , -   , -   
Area 50,Lilongwe,Lilongwe,Grid,Prepaid,600,600, -   ,579,21,4297,4304,7,3, -   , -   , -   , -   
Kayembe,Lilongwe,Dowa,Grid,Prepaid,600,600, -   ,550,50,16491,16524,33,1.5, -   , -   , -   , -   
Airport Road,Lilongwe,Lilongwe,Off Grid,Prepaid,600,366, -   ,366, -   ,23972,23972, -   ,#DIV/0!, -   , -   , -   , -   
Area 49 Gulliver stadium,Lilongwe,Lilongwe,Grid,Prepaid,1000,750, -   ,732,18,4281,4293,12,1.5, -   , -   , -   , -   
Area 43 TBS,Lilongwe,Lilongwe,Grid,Prepaid,500,500, -   ,446,54,12212,12224,12,4.5, -   , -   , -   , -   
Chiwuzira,Lilongwe,Lilongwe,Grid,Prepaid,1000,100,832,540,392,414,585,171,2.3, -   , -   , -   , -   
Capital Hill,Lilongwe,Lilongwe,Grid,Prepaid,600,600, -   ,489,111,1231,1257,26,4.3, -   , -   , -   , -   
Area 11,Lilongwe,Lilongwe,Grid,Prepaid,600,300,312,600,12,6154,6164,10,1.2, -   , -   , -   , -   
Area 12 Villa,Lilongwe,Lilongwe,Grid,Prepaid,100,88,21,100,9,7590,7594,4,2.3, -   , -   , -   , -   
Area 12 PTC,Lilongwe,Lilongwe,Grid,Prepaid,500,438, -   ,433,5,4117,4119,2,2.5, -   , -   , -   , -   
Area 12 Zikomo,Lilongwe,Lilongwe,Grid,Prepaid,600,492, -   ,480,12,13202,13203,1,12, -   , -   , -   , -   
Area 18 B,Lilongwe,Lilongwe,Grid,Prepaid,1000,300, -   ,296,4,6186,6188,2,2, -   , -   , -   , -   
Area 18 Senti,Lilongwe,Lilongwe,Grid,Prepaid,1000,430, -   ,360,70,4353,4392,39,1.8, -   , -   , -   , -   
Bunda Proper,Lilongwe,Lilongwe,Grid,Prepaid,600,258,438,552,144,7655,7679,24,6, -   , -   , -   , -   
Nathenje,Lilongwe,Lilongwe,Grid,Prepaid,600,600,50,550,100,9758,9832,74,1.4, -   , -   , -   , -   
Kamphata,Lilongwe,Lilongwe,Grid,Prepaid,500,422,450,500,372,18372,18459,87,4.3, -   , -   , -   , -   
Lobi,Lilongwe,Dedza,Grid,Prepaid,600,510, -   ,450,60,16542,16632,90,0.7, -   , -   , -   , -   
Malirana,Lilongwe,Dedza,Grid,Prepaid,600,417,994,600,811,2342,3033,691,1.2, -   , -   , -   , -   
Dedza Peak,Lilongwe,Dedza,Grid,Prepaid,600,600, -   ,600, -   ,1152,1152, -   ,#DIV/0!, -   , -   , -   , -   
Area 24,Lilongwe,Lilongwe,Grid,Prepaid,600,600, -   ,585,15,20980,20987,7,2.1, -   , -   , -   , -   
Area 24 Market,Lilongwe,Lilongwe,Grid,Prepaid,1000,790, -   ,690,100,2957,2987,30,3.3, -   , -   , -   , -   
Mpamantha,Lilongwe,Nkhotakota,Grid,Prepaid,1000,370,500,570,300,1238,1296,58,5.2, -   , -   , -   , -   
Area 36 TC,Lilongwe,Lilongwe,Grid,Prepaid,1000,530,500,750,280,7617,7752,135,2.1, -   , -   , -   , -   
Area 38,Lilongwe,Lilongwe,Grid,Prepaid,600,560,250,600,210,7767,7828,61,3.4, -   , -   , -   , -   
Area 36 Katantha,Lilongwe,Lilongwe,Grid,Prepaid,600,480, -   ,460,20,16154,16165,11,1.8, -   , -   , -   , -   
Bunda T/O,Lilongwe,Lilongwe,Grid,Prepaid,600,500, -   ,460,40,9424,9440,16,2.5, -   , -   , -   , -   
Bus Depot,Lilongwe,Lilongwe,Grid,Prepaid,1000,500, -   ,500, -   ,1945,1945, -   ,#DIV/0!, -   , -   , -   , -   
Bwalo lanjovu,Lilongwe,Lilongwe,Grid,Prepaid,1000,600,597,151,1046,10294,10445,151,6.9, -   , -   , -   , -   
Old Town,Lilongwe,Lilongwe,Grid,Prepaid,500,500, -   ,480,20,10244,10251,7,2.9, -   , -   , -   , -   
Kabwazi,Lilongwe,Dedza,Grid,Prepaid,600,595, -   ,570,25,14048,14058,10,2.5, -   , -   , -   , -   
Area 3 Proper,Lilongwe,Lilongwe,Grid,Prepaid,100,100, -   ,100, -   ,6998,6998, -   ,#DIV/0!, -   , -   , -   , -   
Area 3 bwaila,Lilongwe,Lilongwe,Grid,Prepaid,600,450, -   ,300,150,8528,8596,68,2.2, -   , -   , -   , -   
Area 3 Police,Lilongwe,Lilongwe,Grid,Prepaid,600,580,547,600,527,6552,6740,188,2.8, -   , -   , -   , -   
MTSILIZA,Lilongwe,Lilongwe,Grid,Prepaid,1000,270,500,590,180,5464,5536,72,2.5, -   , -   , -   , -   
Area 47 ABC,Lilongwe,Lilongwe,Grid,Prepaid,600,600,550,600,550,14011,14222,211,2.6, -   , -   , -   , -   
Area 47 Bwandilo,Lilongwe,Lilongwe,Grid,Prepaid,1000,550,500,690,360,2802,2923,121,3, -   , -   , -   , -   
Area 9,Lilongwe,Lilongwe,Grid,Prepaid,1000,1000, -   ,920,80,10594,10626,32,2.5, -   , -   , -   , -   
Game shop/Site,Lilongwe,Lilongwe,Grid,Prepaid,200,200, -   ,200, -   ,1497,1497, -   ,#DIV/0!, -   , -   , -   , -   
Kaphatenga,Lilongwe,Lilongwe,Grid,Prepaid,1000,700,416,1000,116,9992,10002,10,11.6, -   , -   , -   , -   
Khombedza,Lilongwe,Salima,Grid,Prepaid,600,558,75,600,33,512,536,24,1.4, -   , -   , -   , -   
Kapiri,Lilongwe,Lilongwe,Grid,Prepaid,600,340,365,600,105,8490,8499,9,11.7, -   , -   , -   , -   
Sani,Lilongwe,Nkhotakota,Off Grid,Prepaid,600,600,525,600,525,12604,12802,198,2.7, -   , -   , -   , -   
Nkhota- kota,Lilongwe,Nkhotakota,Grid,Prepaid,1000,600,500,824,276,3089,3233,144,1.9, -   , -   , -   , -   
Airwing,Lilongwe,Lilongwe,Grid,Prepaid,600,540,999,530,1009,15300,15748,448,2.3, -   , -   , -   , -   
Benga,Lilongwe,Salima,Off Grid,Prepaid,600,600, -   ,528,72,17105,17147,42,1.7, -   , -   , -   , -   
Salima MTL,Lilongwe,Salima,Grid,Prepaid,600,290, -   ,290, -   ,1796,1796, -   ,#DIV/0!, -   , -   , -   , -   
Area 12 Proper,Lilongwe,Lilongwe,Grid,Prepaid,1000,20, -   ,20, -   ,371,371, -   ,#DIV/0!, -   , -   , -   , -   
Livingstonia beach,Lilongwe,Salima,Grid,Prepaid,500,485, -   ,485, -   ,17117,17117, -   ,#DIV/0!, -   , -   , -   , -   
Lifidzi,Lilongwe,Salima,Grid,Prepaid,1000,1000, -   ,1000, -   ,3257,3257, -   ,#DIV/0!, -   , -   , -   , -   
Bisai,Lilongwe,Dedza,Grid,Prepaid,1000,500,700,830,370,2224,2343,119,3.1, -   , -   , -   , -   
Ngodzi,Lilongwe,Salima,Grid,Prepaid,1000,700, -   ,700, -   ,12487,12487, -   ,#DIV/0!, -   , -   , -   , -   
Mua,Lilongwe,Dedza,Grid,Prepaid,600,600, -   ,600, -   ,21419,21419, -   ,#DIV/0!, -   , -   , -   , -   
Mtakataka,Lilongwe,Dedza,Grid,Prepaid,600,600, -   ,600, -   ,15227,15227, -   ,#DIV/0!, -   , -   , -   , -   
Chankhungu,Lilongwe,Lilongwe,Grid,Prepaid,600,450, -   ,450, -   ,16279,16279, -   ,#DIV/0!, -   , -   , -   , -   
Mvera Proper,Lilongwe,Salima,Grid,Prepaid,500,500, -   ,443,57,8205,8234,29,2, -   , -   , -   , -   
Mabulabo,Lilongwe,Mzimba,Off Grid,Prepaid,800,690,306,800,196,35580,35592,12,16.3, -   , -   , -   , -   
Nkhamenya,Lilongwe,Kasungu,Grid,Prepaid,500,500,51,500,51,4736,4756,20,2.6, -   , -   , -   , -   
Chatoloma,Lilongwe,Kasungu,Grid,Prepaid,1000,1000,288,1000,288,889,932,43,6.7, -   , -   , -   , -   
East African Plantation,Lilongwe,Kasungu,Grid,Prepaid,225,200, -   ,200, -   ,3282,3282, -   ,#DIV/0!, -   , -   , -   , -   
Malandi Hill,Lilongwe,Dowa,Grid,Prepaid,1000,750,620,1000,370,1692,1797,105,3.5, -   , -   , -   , -   
Chayamba,Lilongwe,Kasungu,Grid,Prepaid,1000,875, -   ,800,75,59,89,30,2.5, -   , -   , -   , -   
Linyangwa,Lilongwe,Kasungu,Prime,Prepaid,1000,366,835,1000,201,2616,2748,132,1.5, -   , -   , -   , -   
Chioko,Lilongwe,Lilongwe,Grid,Prepaid,1000,750,709,1000,459,2062,2208,146,3.1, -   , -   , -   , -   
Chamama,Lilongwe,Kasungu,Grid,Prepaid,500,500,477,500,477,16880,16895,15,31.8, -   , -   , -   , -   
Nkhakomisesa,Lilongwe,Kasungu,Grid,Prepaid,600,600,253,600,253,15682,15813,131,1.9, -   , -   , -   , -   
Madisi,Lilongwe,Dowa,Grid,Prepaid,500,450, -   ,430,20,15713,15724,11,1.8, -   , -   , -   , -   
Mchinji Town,Lilongwe,Mchinji,Grid,Prepaid,1000,440,383,683,140,1456,1526,70,2, -   , -   , -   , -   
Mwimba,Lilongwe,Kasungu,Grid,Prepaid,500,500, -   ,420,80,26340,26406,66,1.2, -   , -   , -   , -   
Santhe,Lilongwe,Mchinji,Grid,Prepaid,500,500,120,500,120,15609,15690,81,1.5, -   , -   , -   , -   
Kapirinthema,Lilongwe,Kasungu,Grid,Prepaid,500,500,264,500,264,18889,19026,137,1.9, -   , -   , -   , -   
Nkanda,Lilongwe,Mchinji,Grid,Prepaid,500,500,340,500,340,1209,1236,27,12.6, -   , -   , -   , -   
Kamwendo,Lilongwe,Mchinji,Grid,Prepaid,1000,600, -   ,450,150,4391,4496,105,1.4, -   , -   , -   , -   
Mchinji,Lilongwe,Mchinji,Grid,Prepaid,600,474, -   ,366,108,17628,17688,60,1.8, -   , -   , -   , -   
Mwami,Lilongwe,Mchinji,Grid,Prepaid,600,516, -   ,474,42,12292,12328,36,1.2, -   , -   , -   , -   
Mikundi,Lilongwe,Mchinji,Grid,Prepaid,500,500,460,500,460,12682,12915,233,2, -   , -   , -   , -   
Mpanda,Lilongwe,Dowa,Grid,Prepaid,1000,700,250,830,120,4790,4843,53,2.3, -   , -   , -   , -   
Kasungu Shop,Lilongwe,Kasungu,Grid,Prepaid,100,100, -   ,100, -   ,10355,10355, -   ,#DIV/0!, -   , -   , -   , -   
Kanjuchi,Lilongwe,Kasungu,Grid,Prepaid,1000,500, -   ,500, -   ,1979,2091,112,0, -   , -   , -   , -   
Salima Hospital,Lilongwe,Salima,Grid,Prepaid,1000,800,285,1000,85,7917,7957,40,2.1, -   , -   , -   , -   
Salima Depot,Lilongwe,Salima,Grid,Prepaid,600,600,90,600,90,12614,12661,47,1.9, -   , -   , -   , -   
Lifuwu,Lilongwe,Salima,Prime,Prepaid,800,658, -   ,658, -   ,23532,23532, -   ,#DIV/0!, -   , -   , -   , -   
Silversand,Lilongwe,Salima,Grid,Prepaid,600,450, -   ,450, -   ,13560,13560, -   ,#DIV/0!, -   , -   , -   , -   
Kambiri,Lilongwe,Salima,Grid,Prepaid,500,500,371,500,371,18309,18369,60,6.2, -   , -   , -   , -   
Flea Market,Lilongwe,Lilongwe,Grid,Prepaid,600,3, -   , -   ,3,3934,3952,18,0.2, -   , -   , -   , -   
Salima Shop,Lilongwe,Salima,Grid,Prepaid,120,180, -   ,180, -   ,5676,5676, -   ,#DIV/0!, -   , -   , -   , -   
Kauma,Lilongwe,Lilongwe,Grid,Prepaid,600,300,1127,560,867,5663,6074,411,2.1, -   , -   , -   , -   
Area 6,Lilongwe,Lilongwe,Grid,Prepaid,1000,550,400,580,370,4210,4388,178,2.1, -   , -   , -   , -   
Maliri,Lilongwe,Lilongwe,Grid,Prepaid,100,600,405,600,405,1375,1560,185,2.2, -   , -   , -   , -   
Chisepo,Lilongwe,Lilongwe,Grid,Prepaid,1000,680,785,1000,465,1279,1429,150,3.1, -   , -   , -   , -   
Malangalanga SHOP,Lilongwe,Lilongwe,Grid,Prepaid,35,22, -   ,22, -   ,803,803, -   ,#DIV/0!, -   , -   , -   , -   
M'buka,Lilongwe,Lilongwe,Grid,Prepaid,600,600, -   ,600, -   ,650,650, -   ,#DIV/0!, -   , -   , -   , -   
Area 49 Mvama,Lilongwe,Lilongwe,Grid,Prepaid,600,600, -   ,600, -   ,16467,16467, -   ,#DIV/0!, -   , -   , -   , -   
Chilinde Parish,Lilongwe,Lilongwe,Grid,Prepaid,1000,600,500,740,360,7201,7320,119,3, -   , -   , -   , -   
Chimutu,Lilongwe,Lilongwe,Grid,Prepaid,1000,300,500,650,150,2896,3089,193,0.8, -   , -   , -   , -   
MCP/UNICEF,Lilongwe,Lilongwe,Grid,Prepaid,600,535, -   ,535, -   ,20127,20127, -   ,#DIV/0!, -   , -   , -   , -   
Maluwa,Lilongwe,Lilongwe,Grid,Prepaid,1000,630,467,750,347,1324,1392,68,5.1, -   , -   , -   , -   
Chawantha,Lilongwe,Lilongwe,Grid,Prepaid,1000,600,373,600,373,1369,1574,205,1.8, -   , -   , -   , -   
Kakoma estate,Lilongwe,Lilongwe,Grid,Prepaid,1000,1000,582,1000,582,3174,3397,223,2.6, -   , -   , -   , -   
Nthumbidwa,Lilongwe,Lilongwe,Grid,Prepaid,1000,0, -   , -   , -   ,1718,1718, -   ,#DIV/0!, -   , -   , -   , -   
TECHNICAL  NEW Dg,Lilongwe,Lilongwe,Grid,Prepaid,1000,1000, -   ,1000, -   ,601,648,47,0, -   , -   , -   , -   
Kabungwe,Lilongwe,Mchinji,Grid,Prepaid,1000,620,737,1000,357,1953,2069,116,3.1, -   , -   , -   , -   
Chilinde Mosque,Lilongwe,Lilongwe,Grid,Prepaid,600,600, -   ,600, -   ,386,386, -   ,#DIV/0!, -   , -   , -   , -   
Katete BYPASS,Lilongwe,Lilongwe,Grid,Prepaid,1000,500,500,570,430,9806,9957,151,2.8, -   , -   , -   , -   
Area 25 A,Lilongwe,Lilongwe,Grid,Prepaid,1000,400, -   ,329,71,9702,9709,7,10.1, -   , -   , -   , -   
LINTHIPE 3,Lilongwe,Dedza,Grid,Prepaid,1000,730,500,700,530,8037,8195,158,3.4, -   , -   , -   , -   
Area 49 New Shire,Lilongwe,Lilongwe,Grid,Prepaid,1000,610, -   ,573,37,12179,12194,15,2.5, -   , -   , -   , -   
Chisinga,Lilongwe,Kasungu,Grid,Prepaid,1000,1000, -   ,930,70,8245,8266,21,3.3, -   , -   , -   , -   
NEW GULLIVER,Lilongwe,Lilongwe,Grid,Prepaid,600,600, -   ,596,4,14153,14156,3,1.3, -   , -   , -   , -   
LUMBADZI RESIDENTIAL,Lilongwe,Lilongwe,Grid,Prepaid,1000,500,500,650,350,2513,2622,109,3.2, -   , -   , -   , -   
MALEMBO,Lilongwe,Lilongwe,Grid,Prepaid,1000,820, -   ,750,70,4297,4311,14,5, -   , -   , -   , -   
WAKAWAKA,Lilongwe,Lilongwe,Grid,Prepaid,1000,280,500,570,210,6064,6195,131,1.6, -   , -   , -   , -   
KAFUMU,Lilongwe,Salima,Grid,Prepaid,1000,1000,440,1000,440,3635,3783,148,3, -   , -   , -   , -   
NKHOTA-KOTA NEW,Lilongwe,Nkhotakota,Grid,Prepaid,600,600,400,600,400,15546,15911,365,1.1, -   , -   , -   , -   
KASUNTHA,Lilongwe,Dowa,Grid,Prepaid,1000,700, -   ,551,149,4560,4665,105,1.4, -   , -   , -   , -   
SALIMA SUGAR,Lilongwe,Salima,Grid,Prepaid,500,444, -   ,400,44,32807,32840,33,1.3, -   , -   , -   , -   
GUEST HOUSE AREA 10,Lilongwe,Lilongwe,Grid,Prepaid,60,105,40,70,75,648,677,29,2.6, -   , -   , -   , -   
AREA 47 MTL,Lilongwe,Lilongwe,Grid,Prepaid,500,500, -   ,500, -   ,9705,9706,1,0, -   , -   , -   , -   
BWEMBA,Lilongwe,Lilongwe,Grid,Prepaid,1000,510,1547,1000,1057,5181,5692,511,2.1, -   , -   , -   , -   
AREA 49 BARGDAD,Lilongwe,Lilongwe,Grid,Prepaid,1000,530,1030,570,990,603,1009,406,2.4, -   , -   , -   , -   
AREA10 USAID,Lilongwe,Lilongwe,Grid,Prepaid,1000,780, -   ,771,9,5494,5499,5,1.8, -   , -   , -   , -   
AREA 25 KABWABWA,Lilongwe,Lilongwe,Grid,Prepaid,1000,300,700,580,420,15070,15348,278,1.5, -   , -   , -   , -   
AREA 25 Zibwenze,Lilongwe,Lilongwe,Grid,Prepaid,1000,680, -   ,480,200,7264,7264, -   ,#DIV/0!, -   , -   , -   , -   
AREA 36 LOWER,Lilongwe,Lilongwe,Grid,Prepaid,600,500, -   ,500, -   ,24408,24409,1,0, -   , -   , -   , -   
UPPER BIWI,Lilongwe,Lilongwe,Grid,Prepaid,600,50, -   ,50, -   ,6778,6778, -   ,#DIV/0!, -   , -   , -   , -   
WHITE FALLS,Lilongwe,Lilongwe,Grid,Prepaid,1000,570, -   ,500,70,13966,14011,45,1.6, -   , -   , -   , -   
AREA 13,Lilongwe,Lilongwe,Grid,Prepaid,600,798, -   ,798, -   ,1528,1528, -   ,#DIV/0!, -   , -   , -   , -   
Dedza Township,Lilongwe,Dedza,Grid,Prepaid,1000,1000, -   ,850,150,4600,4697,97,1.5, -   , -   , -   , -   
Area 18 Round About,Lilongwe,Lilongwe,Grid,Prepaid,1000,410,1418,1000,828,13651,14104,453,1.8, -   , -   , -   , -   
Kasungu mapuloti,Lilongwe,Kasungu,Grid,Prepaid,1000,1000,661,1000,661,4518,4816,298,2.2, -   , -   , -   , -   
Mponela,Lilongwe,Ntchisi,Grid,Prepaid,1000,530,1346,1000,876,12058,12434,376,2.3, -   , -   , -   , -   
AREA 38 EXT,Lilongwe,Lilongwe,Grid,Prepaid,1000,600,500,660,440,9365,9584,219,2, -   , -   , -   , -   
AREA 22 A,Lilongwe,Lilongwe,Grid,Prepaid,1000,400, -   ,400, -   ,15001,15001, -   ,#DIV/0!, -   , -   , -   , -   
Nalikule,Lilongwe,Lilongwe,Grid,Prepaid,1000,580,799,500,879,10648,10957,309,2.8, -   , -   , -   , -   
AREA 2,Lilongwe,Lilongwe,Grid,Prepaid,600,502,934,600,836,19667,20008,341,2.5, -   , -   , -   , -   
AREA 47 sector 3,Lilongwe,Lilongwe,Grid,Prepaid,1000,550,500,600,450,12796,13040,244,1.8, -   , -   , -   , -   
Kawale PTC,Lilongwe,Lilongwe,Grid,Prepaid,1000,380, -   ,352,28,13245,13264,19,1.5, -   , -   , -   , -   
Salima MTL 2,Lilongwe,Salima,Grid,Prepaid,2000,620,1000,1500,120,1744,1814,70,1.7, -   , -   , -   , -   
Dubai 2,Lilongwe,Lilongwe,Grid,Prepaid,1000,370,1325,1000,695,13767,14113,346,2, -   , -   , -   , -   
ADL House,Lilongwe,Lilongwe,Grid,Prepaid,1000,620,500,620,500,2542,2720,178,2.8, -   , -   , -   , -   
AREA 43 UPPER,Lilongwe,Lilongwe,Grid,Prepaid,1000,730, -   ,710,20,8337,8364,27,0.7, -   , -   , -   , -   
MCHESI 2,Lilongwe,Lilongwe,Grid,Prepaid,600,371, -   ,371, -   ,16610,16610, -   ,#DIV/0!, -   , -   , -   , -   
AREA 18 Chatuwa,Lilongwe,Lilongwe,Grid,Prepaid,600,600, -   ,598,2,21374,21375,1,2, -   , -   , -   , -   
MOGASA,Lilongwe,Lilongwe,Grid,Prepaid,600,150, -   ,150, -   ,24542,24557,15,0, -   , -   , -   , -   
CHISEKA,Lilongwe,Lilongwe,Grid,Prepaid,1000,400,1397,1000,797,8018,8382,364,2.2, -   , -   , -   , -   
MAGOMERO,Lilongwe,Lilongwe,Grid,Prepaid,1000,550,561,641,470,8236,8514,278,1.7, -   , -   , -   , -   
NDAULA,Lilongwe,Lilongwe,Grid,Prepaid,1000,330,500,570,260,6341,6468,127,2, -   , -   , -   , -   
AREA 47 sector 2,Lilongwe,Lilongwe,Grid,Prepaid,1000,600, -   ,540,60,3519,3575,56,1.1, -   , -   , -   , -   
KAMELA,Lilongwe,Mchinji,Grid,Prepaid,1000,1000, -   ,1000, -   ,4430,4430, -   ,#DIV/0!, -   , -   , -   , -   
TANDANJE,Lilongwe,Ntchisi,Grid,Prepaid,1000,650,870,1000,520,7674,7892,218,2.4, -   , -   , -   , -   
KAPELURA,Lilongwe,Lilongwe,Grid,Prepaid,1000,1000, -   ,730,270,7060,7230,170,1.6, -   , -   , -   , -   
LINDE MOTEL,Lilongwe,Lilongwe,Grid,Prepaid,500,74, -   ,74, -   ,25606,25606, -   ,#DIV/0!, -   , -   , -   , -   
LOZI,Lilongwe,Nkhotakota,Grid,Prepaid,600,600,45,600,45,20156,20173,17,2.6, -   , -   , -   , -   
AREA 47 SECTOR 4,Lilongwe,Lilongwe,Grid,Prepaid,500,400, -   ,400, -   ,12676,12676, -   ,#DIV/0!, -   , -   , -   , -   
Pondomali,Lilongwe,Lilongwe,Grid,Prepaid,1000,810,500,600,710,3345,3639,294,2.4, -   , -   , -   , -   
Area 5 chilambula pagat,Lilongwe,Lilongwe,Grid,Postpaid,600,3, -   ,3, -   ,870,870, -   ,#DIV/0!, -   , -   , -   , -   
Mlale Parish,Lilongwe,Lilongwe,Grid,Prepaid,50,50, -   ,50, -   ,7894,7894, -   ,#DIV/0!, -   , -   , -   , -   
Mchezi,Lilongwe,Lilongwe,Grid,Prepaid,65,200, -   ,200, -   ,164,164, -   ,#DIV/0!, -   , -   , -   , -   
Chitipi TC,Lilongwe,Lilongwe,Grid,Prepaid,600,450,901,600,751,2438,2668,230,3.3, -   , -   , -   , -   
Msakambewa,Lilongwe,Lilongwe,Grid,Prepaid,500,500, -   ,500, -   ,6256,6256, -   ,#DIV/0!, -   , -   , -   , -   
Area 9 Guest House,Lilongwe,Lilongwe,Grid,Postpaid,1000,280,336,576,40,1922,1934,12,3.3, -   , -   , -   , -   
Ntchentche,Lilongwe,Lilongwe,Grid,Prepaid,600,500,921,471,950,17894,18274,380,2.5, -   , -   , -   , -   
Tambalale,Lilongwe,Lilongwe,Grid,Prepaid,1000,280,1161,510,931,31639,31885,246,3.8, -   , -   , -   , -   
Area 43 MTL,Lilongwe,Lilongwe,Grid,Prepaid,1000,600,500,610,490,1683,1928,245,2, -   , -   , -   , -   
Ex Area 24 DG,Lilongwe,Lilongwe,Grid,Prepaid,100,100, -   ,100, -   ,100,100, -   ,#DIV/0!, -   , -   , -   , -   
Mobile Genset,Lilongwe,Lilongwe,Grid,Prepaid,200,65, -   ,65, -   ,2251,2251, -   ,#DIV/0!, -   , -   , -   , -   
Dedza Deport,Lilongwe,Dedza,Grid,Prepaid,1000,830,1403,1000,1233,5955,6217,262,4.7, -   , -   , -   , -   
Chikho Hotel,Lilongwe,Kasungu,Grid,Prepaid,500,500, -   ,500, -   ,25846,25846, -   ,#DIV/0!, -   , -   , -   , -   
SIMBI,Lilongwe,Mchinji,Grid,Prepaid,50,50, -   ,50, -   ,7105,7105, -   ,#DIV/0!, -   , -   , -   , -   
Msundwe DG,Lilongwe,Lilongwe,Grid,Prepaid,50,50, -   ,50, -   ,7396,7396, -   ,#DIV/0!, -   , -   , -   , -   
Chilinde mobile,Lilongwe,Lilongwe,Grid,Prepaid,12,12, -   ,12, -   ,1410,1410, -   ,#DIV/0!, -   , -   , -   , -   
Salima DG (Paratude),Lilongwe,Salima,Grid,Postpaid,250,520,729,558,691,28196,28714,518,1.3, -   , -   , -   , -   
Area 17 Genset,Lilongwe,Lilongwe,Grid,Postpaid,600,120, -   ,120, -   ,2292,2292, -   ,#DIV/0!, -   , -   , -   , -   
Chisapo Mobile,Lilongwe,Lilongwe,Grid,Prepaid,200,200, -   ,200, -   ,200,200, -   ,#DIV/0!, -   , -   , -   , -   
kanengo,Lilongwe,Lilongwe,Grid,Postpaid,600,50, -   ,50, -   ,7956,7956, -   ,#DIV/0!, -   , -   , -   , -   
,,,,,,106436,58922,120535,44823,1983924,2002471,18547,2.4, -   , -   , -   , -   
,,,,,,,,,,,,,,,,,
,,,,,,,,,,,,,,,,,
,,,,,,,,,,,,,,,,,
,,,,9,,,,,,,,,,,,,
